name,price,stock,categoryName,materialName,tag,description,colors,sizes,variantStocks,image1,image2,image3,image4,image5
Túi tote hình thang Mini Scottie,2890000,,Túi Tote,Da thật,,Túi da thật (22-30x17x9.5cm; 555g); khóa nam châm; nhiều ngăn tiện dụng kèm dây đeo linh hoạt (55-60cm) có thể tháo rời/điều chỉnh.,Đen; Kem,S,Đen-S:20;Kem-S:15,https://www.charleskeith.vn/dw/image/v2/BCWJ_PRD/on/demandware.static/-/Sites-vn-products/default/dwb4be87b8/images/hi-res/2026-L2-CK2-30782784-01-1.jpg?sw=756&sh=1008,https://www.charleskeith.vn/dw/image/v2/BCWJ_PRD/on/demandware.static/-/Sites-vn-products/default/dw621052e6/images/hi-res/2026-L2-CK2-30782784-01-2.jpg?sw=756&sh=1008,https://www.charleskeith.vn/dw/image/v2/BCWJ_PRD/on/demandware.static/-/Sites-vn-products/default/dw73c2f143/images/hi-res/2026-L2-CK2-30782784-09-9.jpg?sw=756&sh=1008,https://www.charleskeith.vn/dw/image/v2/BCWJ_PRD/on/demandware.static/-/Sites-vn-products/default/dw7313033a/images/hi-res/2026-L2-CK2-30782784-09-4.jpg?sw=756&sh=1008,https://www.charleskeith.vn/dw/image/v2/BCWJ_PRD/on/demandware.static/-/Sites-vn-products/default/dw4c25804d/images/hi-res/2026-L2-CK2-30782784-09-1.jpg?sw=756&sh=1008
Túi tote Acelynn Rope-Chain,2990000,,Túi Tote,Da nhân tạo,new,Túi da cừu Nappa nhân tạo sang trọng (23x13x8.5cm; 438g) sở hữu thiết kế khóa nam châm tinh tế cùng dây đeo linh hoạt (50.5-57cm) có thể tháo rời và điều chỉnh tùy ý.,Nâu; Đen,S,Nâu-S:20;Đen-S:20,https://www.charleskeith.vn/dw/image/v2/BCWJ_PRD/on/demandware.static/-/Sites-vn-products/default/dwe25a5d68/images/hi-res/2026-L2-CK2-30671895-X6-1.jpg?sw=756&sh=1008,https://www.charleskeith.vn/dw/image/v2/BCWJ_PRD/on/demandware.static/-/Sites-vn-products/default/dwa9f6c8e2/images/hi-res/2026-L2-CK2-30671895-X6-2.jpg?sw=756&sh=1008,https://www.charleskeith.vn/dw/image/v2/BCWJ_PRD/on/demandware.static/-/Sites-vn-products/default/dw9cb44eb1/images/hi-res/2026-L2-CK2-30671895-01-1.jpg?sw=756&sh=1008,https://www.charleskeith.vn/dw/image/v2/BCWJ_PRD/on/demandware.static/-/Sites-vn-products/default/dw47137171/images/hi-res/2026-L2-CK2-30671895-01-5.jpg?sw=756&sh=1008,
Túi tote hình chữ nhật Sammie Canvas,1950000,,Túi Tote,Da nhân tạo,hot,Chiếc túi từ da cừu Nappa nhân tạo siêu nhẹ (202g) sở hữu kích thước 17-18.5x9x6cm; thiết kế khóa zip an toàn cùng ngăn trong tiện lợi và dây đeo linh hoạt (51.5-58cm) có thể tháo rời hoặc điều chỉnh tùy ý.,Kem,S,Kem-S:50,https://www.charleskeith.vn/dw/image/v2/BCWJ_PRD/on/demandware.static/-/Sites-vn-products/default/dwb121680e/images/hi-res/2026-L2-CK2-30271635-1-47-1.jpg?sw=756&sh=1008,https://www.charleskeith.vn/dw/image/v2/BCWJ_PRD/on/demandware.static/-/Sites-vn-products/default/dw3fe825ce/images/hi-res/2026-L2-CK2-30271635-1-47-2.jpg?sw=756&sh=1008,https://www.charleskeith.vn/dw/image/v2/BCWJ_PRD/on/demandware.static/-/Sites-vn-products/default/dwaa3a128e/images/hi-res/2026-L2-CK2-30271635-1-47-5.jpg?sw=756&sh=1008,,
Túi tote hình thang Mini Scottie Canvas,2890000,,Túi Tote,Da nhân tạo,bestseller,Chế tác từ chất liệu da tái chế thân thiện với môi trường; mẫu túi CHARLES & KEITH này sở hữu kích thước 22-30x17x9.5cm (trọng lượng 566g) cùng thiết kế khóa nam châm hiện đại; đi kèm hệ thống ngăn chứa đa năng (ngăn kéo và ngăn trong/ngoài) và dây đeo linh hoạt (55-60cm) có thể tháo rời hoặc điều chỉnh độ dài tùy ý,Kem,S,Kem-S:50,https://www.charleskeith.vn/dw/image/v2/BCWJ_PRD/on/demandware.static/-/Sites-vn-products/default/dw2fcda0f6/images/hi-res/2026-L2-CK2-30782784-1-55-1.jpg?sw=756&sh=1008,https://www.charleskeith.vn/dw/image/v2/BCWJ_PRD/on/demandware.static/-/Sites-vn-products/default/dwa2504d77/images/hi-res/2026-L2-CK2-30782784-1-55-2.jpg?sw=756&sh=1008,,,
Túi tote hình thang Lyla Tubular Slouchy,2790000,,Túi Tote,Da thật,,Mẫu túi da non nhân tạo cỡ lớn (39.5x31x20cm; 775g) với thiết kế khóa cài nam châm hiện đại; đi kèm một túi nhỏ tiện dụng và dây đeo tháo rời (27cm) mang đến sự linh hoạt tối đa cho phong cách hàng ngày.,Nâu,L,Nâu-L:40,https://www.charleskeith.vn/dw/image/v2/BCWJ_PRD/on/demandware.static/-/Sites-vn-products/default/dw3bbe98cd/images/hi-res/2021-L3-CK2-30781483-R3-1.jpg?sw=756&sh=1008,https://www.charleskeith.vn/dw/image/v2/BCWJ_PRD/on/demandware.static/-/Sites-vn-products/default/dwcc5a845f/images/hi-res/2021-L3-CK2-30781483-R3-2.jpg?sw=756&sh=1008,,,
Túi tote hình chữ nhật Sammie,1950000,,Túi Tote,Da nhân tạo,,Thiết kế từ da cừu Nappa nhân tạo siêu nhẹ (204g) với kích thước 17-20x9.5x7cm; túi sử dụng khóa zip an toàn; ngăn trong tiện lợi cùng dây đeo linh hoạt (51.5-58cm) dễ dàng tháo rời hoặc điều chỉnh theo ý muốn.,Kem; Hồng; Đen,S,Kem-S:20;Hồng-S:20;Đen-S:20,https://www.charleskeith.vn/dw/image/v2/BCWJ_PRD/on/demandware.static/-/Sites-vn-products/default/dw4eed07fc/images/hi-res/2025-L6-CK2-30271635-09-1.jpg?sw=756&sh=1008,https://www.charleskeith.vn/dw/image/v2/BCWJ_PRD/on/demandware.static/-/Sites-vn-products/default/dw1f24cfdf/images/hi-res/2025-L6-CK2-30271635-09-2.jpg?sw=756&sh=1008,https://www.charleskeith.vn/dw/image/v2/BCWJ_PRD/on/demandware.static/-/Sites-vn-products/default/dw68b888dd/images/hi-res/2025-L6-CK2-30271635-R6-1.jpg?sw=756&sh=1008,https://www.charleskeith.vn/dw/image/v2/BCWJ_PRD/on/demandware.static/-/Sites-vn-products/default/dwe60e6bd7/images/hi-res/2025-L6-CK2-30271635-R6-2.jpg?sw=756&sh=1008,https://www.charleskeith.vn/dw/image/v2/BCWJ_PRD/on/demandware.static/-/Sites-vn-products/default/dwdb38082e/images/hi-res/2025-L6-CK2-30271635-01-1.jpg?sw=756&sh=1008
Túi tote hình thang Mini Beryl,2490000,,Túi Tote,Da nhân tạo,,Túi da nhân tạo Tumble bền bỉ (19-27x18.5x10.5cm; 325g) nổi bật với thiết kế khóa zip chắc chắn cùng dây đeo linh hoạt (54.5-61cm) có thể tháo rời và điều chỉnh độ dài tùy ý.,Kem; Nâu; Đen,M,Kem-M:20;Nâu-M:20;Đen-M:20,https://www.charleskeith.vn/dw/image/v2/BCWJ_PRD/on/demandware.static/-/Sites-vn-products/default/dwe7be4e64/images/hi-res/2025-L3-CK2-30151511-09-1.jpg?sw=756&sh=1008,https://www.charleskeith.vn/dw/image/v2/BCWJ_PRD/on/demandware.static/-/Sites-vn-products/default/dw886afba1/images/hi-res/2025-L3-CK2-30151511-09-2.jpg?sw=756&sh=1008,https://www.charleskeith.vn/dw/image/v2/BCWJ_PRD/on/demandware.static/-/Sites-vn-products/default/dw101016b0/images/hi-res/2025-L7-CK2-30151511-47-1.jpg?sw=756&sh=1008,https://www.charleskeith.vn/dw/image/v2/BCWJ_PRD/on/demandware.static/-/Sites-vn-products/default/dw101016b0/images/hi-res/2025-L7-CK2-30151511-47-1.jpg?sw=756&sh=1008,https://www.charleskeith.vn/dw/image/v2/BCWJ_PRD/on/demandware.static/-/Sites-vn-products/default/dwa4ea887a/images/hi-res/2025-L3-CK2-30151511-J8-1.jpg?sw=756&sh=1008
Túi tote hình thang Beryl,3150000,,Túi Tote,Da nhân tạo,new,Mẫu túi da nhân tạo Tumble cỡ lớn (31-41x28.5x14cm; 675g) mang phong cách hiện đại với khóa cài nam châm; đi kèm túi nhỏ tiện dụng và 2 dây đeo cố định (27cm) chắc chắn cho nhu cầu sử dụng hàng ngày.,Đen; Kem,L,Đen-L:30;Kem-L:20,https://www.charleskeith.vn/dw/image/v2/BCWJ_PRD/on/demandware.static/-/Sites-vn-products/default/dw32441d55/images/hi-res/2025-L3-CK2-30151516-J8-1.jpg?sw=756&sh=1008,https://www.charleskeith.vn/dw/image/v2/BCWJ_PRD/on/demandware.static/-/Sites-vn-products/default/dwd9e4480b/images/hi-res/2025-L3-CK2-30151516-J8-2.jpg?sw=756&sh=1008,https://www.charleskeith.vn/dw/image/v2/BCWJ_PRD/on/demandware.static/-/Sites-vn-products/default/dw6395c4b9/images/hi-res/2025-L3-CK2-30151516-14-1.jpg?sw=756&sh=1008,,
Túi tote Calla,2590000,,Túi Tote,Da nhân tạo,hot,Túi Saffiano PU thanh lịch (18-40x23x10cm; 521g) nổi bật với thiết kế khóa cài nam châm; đi kèm túi nhỏ tiện dụng và 2 dây đeo cố định (31cm) chắc chắn; mang lại vẻ ngoài cứng cáp và thời thượng.,Kem; Nâu; Đen,L,Kem-L:20;Nâu-L:20;Đen-L:20,https://www.charleskeith.vn/dw/image/v2/BCWJ_PRD/on/demandware.static/-/Sites-vn-products/default/dw455cf578/images/hi-res/2025-L6-CK2-30671662-K5-1.jpg?sw=756&sh=1008,https://www.charleskeith.vn/dw/image/v2/BCWJ_PRD/on/demandware.static/-/Sites-vn-products/default/dw0bc044dc/images/hi-res/2025-L6-CK2-30671662-K5-3.jpg?sw=756&sh=1008,https://www.charleskeith.vn/dw/image/v2/BCWJ_PRD/on/demandware.static/-/Sites-vn-products/default/dw636a70c0/images/hi-res/2024-L6-CK2-30671662-R3-1.jpg?sw=756&sh=1008,https://www.charleskeith.vn/dw/image/v2/BCWJ_PRD/on/demandware.static/-/Sites-vn-products/default/dw00e2af93/images/hi-res/2024-L6-CK2-30671662-J8-1.jpg?sw=756&sh=1008,
Túi tote phom hình thang Sansa,2790000,,Túi Tote,Da thật ,bestseller,Thiết kế từ da Tumble bền bỉ với kích thước lớn (35x30x12cm; 917g); mẫu túi sở hữu hệ thống 3 ngăn trong (bao gồm 2 ngăn khóa kéo) cùng khóa cài nam châm và dây đeo cố định (26cm) chắc chắn.,Be; Nâu; Đen,L,Be-L:20;Nâu-L:20;Đen-L:20,https://www.charleskeith.vn/dw/image/v2/BCWJ_PRD/on/demandware.static/-/Sites-vn-products/default/dwac7acc13/images/hi-res/2024-L3-CK2-30782357-47-1.jpg?sw=756&sh=1008,https://www.charleskeith.vn/dw/image/v2/BCWJ_PRD/on/demandware.static/-/Sites-vn-products/default/dwd4e1f577/images/hi-res/2024-L3-CK2-30782357-47-2.jpg?sw=756&sh=1008,https://www.charleskeith.vn/dw/image/v2/BCWJ_PRD/on/demandware.static/-/Sites-vn-products/default/dwfdc2d9f0/images/hi-res/2024-L3-CK2-30782357-05-1.jpg?sw=756&sh=1008,https://www.charleskeith.vn/dw/image/v2/BCWJ_PRD/on/demandware.static/-/Sites-vn-products/default/dwc18b95f5/images/hi-res/2024-L3-CK2-30782357-J8-1.jpg?sw=756&sh=1008,
Túi tote Mini Lyla Tubular,2290000,,Túi Tote,Da thật,,Túi da thật (23-28x24x12cm; 549g) thiết kế khóa nam châm hiện đại; đi kèm túi nhỏ tiện dụng và 2 dây đeo linh hoạt (27-56cm) có thể tháo rời hoặc điều chỉnh độ dài tùy ý.,Be; Nâu; Đen,M,Be-M:20;Nâu-M:20;Đen-M:20,https://www.charleskeith.vn/dw/image/v2/BCWJ_PRD/on/demandware.static/-/Sites-vn-products/default/dw43df4b8b/images/hi-res/2025-L3-CK2-30782647-14-1.jpg?sw=756&sh=1008,https://www.charleskeith.vn/dw/image/v2/BCWJ_PRD/on/demandware.static/-/Sites-vn-products/default/dw6f0f06fb/images/hi-res/2025-L3-CK2-30782647-14-2.jpg?sw=756&sh=1008,https://www.charleskeith.vn/dw/image/v2/BCWJ_PRD/on/demandware.static/-/Sites-vn-products/default/dw3f12651f/images/hi-res/2025-L3-CK2-30782647-47-1.jpg?sw=756&sh=1008,https://www.charleskeith.vn/dw/image/v2/BCWJ_PRD/on/demandware.static/-/Sites-vn-products/default/dw9b8cb1be/images/hi-res/2025-L3-CK2-30782647-47-2.jpg?sw=756&sh=1008,https://www.charleskeith.vn/dw/image/v2/BCWJ_PRD/on/demandware.static/-/Sites-vn-products/default/dw8eee82a3/images/hi-res/2025-L3-CK2-30782647-01-1.jpg?sw=756&sh=1008
Túi tote Midori,2590000,,Túi Tote,Da thật,,Túi da thật (23-28x24x12cm; 549g) thiết kế khóa nam châm hiện đại; đi kèm túi nhỏ tiện dụng và 2 dây đeo linh hoạt (27-56cm) có thể tháo rời hoặc điều chỉnh độ dài tùy ý.,Nâu; Cam; Kem,M,Cam-M:20;Nâu-M:20;Kem-M:20,https://www.charleskeith.vn/dw/image/v2/BCWJ_PRD/on/demandware.static/-/Sites-vn-products/default/dw1d21dd33/images/hi-res/2023-L7-CK2-30271268-R3-1.jpg?sw=756&sh=1008,https://www.charleskeith.vn/dw/image/v2/BCWJ_PRD/on/demandware.static/-/Sites-vn-products/default/dwbc1e3fe6/images/hi-res/2023-L7-CK2-30271268-R3-2.jpg?sw=756&sh=1008,https://www.charleskeith.vn/dw/image/v2/BCWJ_PRD/on/demandware.static/-/Sites-vn-products/default/dwe652cecc/images/hi-res/2023-L7-CK2-30271268-09-1.jpg?sw=756&sh=1008,https://www.charleskeith.vn/dw/image/v2/BCWJ_PRD/on/demandware.static/-/Sites-vn-products/default/dw24ad7bb8/images/hi-res/2023-L7-CK2-30271268-00-1.jpg?sw=756&sh=1008,https://www.charleskeith.vn/dw/image/v2/BCWJ_PRD/on/demandware.static/-/Sites-vn-products/default/dwfd3d1b7a/images/hi-res/2023-L7-CK2-30271268-00-2.jpg?sw=756&sh=1008
Túi đeo vai hình thang Edna,2390000,,Túi Đeo Vai,Da nhân tạo,,Mẫu túi chế tác từ da cừu Nappa nhân tạo cao cấp với kích thước rộng rãi (32x30x13cm; 607g); trang bị khóa cài nam châm hiện đại; đi kèm túi nhỏ tiện dụng và dây đeo cố định có thể linh hoạt điều chỉnh độ dài (29-43cm) phù hợp với mọi vóc dáng.,Be; Vàng; Đen; Kem,L,Be-L:20;Vàng-L:20;Đen-L:20;Kem-20,https://www.charleskeith.vn/dw/image/v2/BCWJ_PRD/on/demandware.static/-/Sites-vn-products/default/dw2f304bb3/images/hi-res/2022-L6-CK2-40270966-1-K5-1.jpg?sw=756&sh=1008,https://www.charleskeith.vn/dw/image/v2/BCWJ_PRD/on/demandware.static/-/Sites-vn-products/default/dwe3da5e38/images/hi-res/2022-L6-CK2-40270966-1-36-1.jpg?sw=756&sh=1008,https://www.charleskeith.vn/dw/image/v2/BCWJ_PRD/on/demandware.static/-/Sites-vn-products/default/dw5fb08c1a/images/hi-res/2022-L6-CK2-40270966-1-09-1.jpg?sw=756&sh=1008,https://www.charleskeith.vn/dw/image/v2/BCWJ_PRD/on/demandware.static/-/Sites-vn-products/default/dwb7badb08/images/hi-res/2022-L6-CK2-40270966-1-01-1.jpg?sw=756&sh=1008,
Túi đeo vai hình thang Charlot Hobo,2350000,,Túi Đeo Vai,Da nhân tạo,new,Mẫu túi chế tác từ da cừu Nappa nhân tạo cao cấp với kích thước rộng rãi (32x30x13cm; 607g); trang bị khóa cài nam châm hiện đại; đi kèm túi nhỏ tiện dụng và dây đeo cố định có thể linh hoạt điều chỉnh độ dài (29-43cm) phù hợp với mọi vóc dáng.,Đen; Be,L,Be-L:20;Đen-L:20,https://www.charleskeith.vn/dw/image/v2/BCWJ_PRD/on/demandware.static/-/Sites-vn-products/default/dwf1a7ba90/images/hi-res/2024-L6-CK2-40840561-01-1.jpg?sw=756&sh=1008,https://www.charleskeith.vn/dw/image/v2/BCWJ_PRD/on/demandware.static/-/Sites-vn-products/default/dwfc58fde3/images/hi-res/2024-L6-CK2-40840561-K5-1.jpg?sw=756&sh=1008,,,
Túi đeo vai Atwood Chain-Embellished,2150000,,Túi Đeo Vai,Da nhân tạo,hot,Mẫu túi chế tác từ da non nhân tạo mềm mại với kích thước 32x29x11cm (447g); kết hợp thông minh giữa khóa cài nam châm và khóa zip an toàn; sở hữu hệ thống ngăn trong đa năng (có ngăn kéo riêng) cùng dây đeo linh hoạt (39-46cm) có thể tháo rời hoặc điều chỉnh tùy ý.,Đen; Vàng; Đỏ; Be; Kem,S,Kem-S:20;Vàng-S:20;Đen-S:20;Đỏ-S:20;Be-S:20,https://www.charleskeith.vn/dw/image/v2/BCWJ_PRD/on/demandware.static/-/Sites-vn-products/default/dw9de1b4dc/images/hi-res/2025-L3-CK2-40782472-01-1.jpg?sw=756&sh=1008,https://www.charleskeith.vn/dw/image/v2/BCWJ_PRD/on/demandware.static/-/Sites-vn-products/default/dwe8fee186/images/hi-res/2024-L7-CK2-40782472-73-1.jpg?sw=756&sh=1008,https://www.charleskeith.vn/dw/image/v2/BCWJ_PRD/on/demandware.static/-/Sites-vn-products/default/dw03f16e63/images/hi-res/2025-L3-CK2-40782472-M3-1.jpg?sw=756&sh=1008,https://www.charleskeith.vn/dw/image/v2/BCWJ_PRD/on/demandware.static/-/Sites-vn-products/default/dwde00c4cb/images/hi-res/2025-L3-CK2-40782472-09-1.jpg?sw=756&sh=1008,https://www.charleskeith.vn/dw/image/v2/BCWJ_PRD/on/demandware.static/-/Sites-vn-products/default/dwa5f131ca/images/hi-res/2024-L7-CK2-40782472-07-1.jpg?sw=756&sh=1008
Túi đeo vai hình thang Bryna Hobo,1890000,,Túi Đeo Vai,Da nhân tạo,bestseller,Thiết kế từ da nhân tạo nếp gấp độc đáo với trọng lượng siêu nhẹ (260g); mẫu túi sở hữu kích thước 20-30x17x9cm; trang bị khóa zip an toàn cùng hệ thống ngăn trong đa năng và dây đeo cố định linh hoạt điều chỉnh độ dài (41-57cm) theo nhu cầu sử dụng.,Kem; Đỏ,M,Kem-M:20;Đỏ-M:20,https://www.charleskeith.vn/dw/image/v2/BCWJ_PRD/on/demandware.static/-/Sites-vn-products/default/dwbbe8c96d/images/hi-res/2025-L2-CK2-40782526-09-1.jpg?sw=756&sh=1008,https://www.charleskeith.vn/dw/image/v2/BCWJ_PRD/on/demandware.static/-/Sites-vn-products/default/dw0c4bcb8e/images/hi-res/2025-L2-CK2-40782526-S1-1.jpg?sw=756&sh=1008,,,
Túi xách hình thang Aubrielle Croc-Effect,1890000,,Túi Xách Tay,Da nhân tạo,,Nổi bật giữa muôn vàn phụ kiện thời trang; Aubrielle sẽ là điểm nhấn hoàn hảo cho mọi phong cách của bạn. Mang trên mình sắc đen huyền bí đầy quyền lực; Aubrielle thu hút mọi ánh nhìn bởi vẻ đẹp kiêu sa; tinh tế. Bên cạnh lớp da dập vân cá sấu được chế tác tỉ mỉ; mang đến sự sang trọng vượt thời gian; chiếc túi còn có dây đeo linh hoạt tháo rời giúp bạn dễ dàng biến hóa phong cách cũng như phù hợp với mọi hoàn cảnh.,Be; Đen,S,Kem-S:20;Đỏ-S:20,https://www.charleskeith.vn/dw/image/v2/BCWJ_PRD/on/demandware.static/-/Sites-vn-products/default/dwce67f485/images/hi-res/2023-L7-CK2-50270880-1-28-1.jpg?sw=756&sh=1008,https://www.charleskeith.vn/dw/image/v2/BCWJ_PRD/on/demandware.static/-/Sites-vn-products/default/dw865ca22c/images/hi-res/2023-L7-CK2-50270880-1-01-1.jpg?sw=756&sh=1008,,,
Túi xách phom chữ nhật Cressida Quilted,2150000,,Túi Xách Tay,Nhung,,Tái hiện lại vẻ đẹp cổ điển với sự tinh chỉnh đương đại; chiếc túi Cressida đã được nâng tầm nhờ quai xách tết kim loại thanh lịch. Với thiết kế trang nhã; tinh gọn; kết hợp cùng dây đeo có thể điều chỉnh giúp bạn linh hoạt hơn trong cách mang; item này phù hợp cho cả ngày thường lẫn những dịp đặc biệt; luôn sẵn sàng đồng hành cùng bạn trong mọi khoảnh khắc.,Kem; Đỏ; Đen,S,Kem-S:20;Đỏ-S:20;Đen-S:20,https://www.charleskeith.vn/dw/image/v2/BCWJ_PRD/on/demandware.static/-/Sites-vn-products/default/dw0c133200/images/hi-res/2025-L6-CK2-50701608-09-1.jpg?sw=756&sh=1008,https://www.charleskeith.vn/dw/image/v2/BCWJ_PRD/on/demandware.static/-/Sites-vn-products/default/dw32aa92ae/images/hi-res/2025-L6-CK2-50701608-S1-1.jpg?sw=756&sh=1008,https://www.charleskeith.vn/dw/image/v2/BCWJ_PRD/on/demandware.static/-/Sites-vn-products/default/dw67e51c67/images/hi-res/2025-L6-CK2-50701608-01-1.jpg?sw=756&sh=1008,,
Túi xách phom chữ nhật Mirabelle Structured,2550000,,Túi Xách Tay,Nhung,,Một chiếc túi xách sang trọng là món đồ cần thiết trong tủ quần áo của những người phụ nữ hiện đại; và chiếc túi Mirabelle có tay cầm này chính là một sự lựa chọn hoàn hảo. Hoàn thiện bằng tông màu đen linh hoạt cùng điểm nhấn kim loại tông màu vàng giúp tạo điểm nhấn cho tổng thể. Khóa zip an toàn mở ra không gian bên trong rộng rãi; phù hợp để chứa mọi thứ bạn cần và hơn thế nữa. Bạn có thể dễ dàng mang nó bằng tay cầm chắc chắn phía trên hoặc gắn dây đeo có thể điều chỉnh để quàng nó lên vai cực kỳ tiện dụng.,Kem; Nâu; Đen,L,Kem-L:20;Nâu-L:20;Đen-L:20,https://www.charleskeith.vn/dw/image/v2/BCWJ_PRD/on/demandware.static/-/Sites-vn-products/default/dw80020cee/images/hi-res/2023-L7-CK2-50160152-28-1.jpg?sw=756&sh=1008,https://www.charleskeith.vn/dw/image/v2/BCWJ_PRD/on/demandware.static/-/Sites-vn-products/default/dw8346ab9c/images/hi-res/2023-L7-CK2-50160152-29-1.jpg?sw=756&sh=1008,https://www.charleskeith.vn/dw/image/v2/BCWJ_PRD/on/demandware.static/-/Sites-vn-products/default/dw4df3e2a5/images/hi-res/2023-L7-CK2-50160152-01-1.jpg?sw=756&sh=1008,,
Túi xách Double Handle,2390000,,Túi Xách Tay,Nhung,,Chiếc túi hobo với thiết kế cổ điển cùng tông màu đen linh hoạt sẽ trở thành người bạn đồng hành đắc lực trong tủ đồ của bạn. Với kích thước rộng rãi giúp đựng được nhiều vật dụng cần thiết; chiếc túi này đáp ứng về cả kiểu dáng lẫn chức năng. Ngoài ra; túi còn đi kèm một chiếc ví nhỏ bên trong giúp bạn có thể đựng những vật dụng nhỏ có giá trị một cách an toàn.,Đen; Be; Hồng,L,Be-L:20;Hồng-L:20;Đen-L:20,https://www.charleskeith.vn/dw/image/v2/BCWJ_PRD/on/demandware.static/-/Sites-vn-products/default/dw2d36cf33/images/hi-res/2023-L2-CK2-50782047-5-01-1.jpg?sw=756&sh=1008,https://www.charleskeith.vn/dw/image/v2/BCWJ_PRD/on/demandware.static/-/Sites-vn-products/default/dwee8cbd65/images/hi-res/2023-L2-CK2-50782047-5-68-1.jpg?sw=756&sh=1008,,,
Túi xách phom chữ nhật Double Top Handle,2490000,,Túi Xách Tay,Nhung,new,Với thiết kế tinh tế cùng màu sắc hiện đại; chiếc túi xách này sẽ đồng hành cùng bạn từ bàn làm việc đến những bữa tiệc tối sang trọng. Phom chữ nhật sang trọng; kích thước rộng rãi giúp lưu trữa được nhiều vật dụng cần thiết. Tay cầm cố định; đi kèm dây đeo có thể tháo rời mang đến cho bạn nhiều cách đeo linh hoạt. Phối túi cùng một bộ trang phục có tông màu trắng và đen để tạo ra sự kết hợp hài hòa và tinh tế.,Trắng; Đen,L,Đen-L:30;Trắng-L:20,https://www.charleskeith.vn/dw/image/v2/BCWJ_PRD/on/demandware.static/-/Sites-vn-products/default/dwf5cebd9c/images/hi-res/2020-L6-CK2-50671160-03-1.jpg?sw=756&sh=1008,https://www.charleskeith.vn/dw/image/v2/BCWJ_PRD/on/demandware.static/-/Sites-vn-products/default/dw5b2de50c/images/hi-res/2020-L6-CK2-50671160-G8-1.jpg?sw=756&sh=1008,https://www.charleskeith.vn/dw/image/v2/BCWJ_PRD/on/demandware.static/-/Sites-vn-products/default/dw2fd4c537/images/hi-res/2023-L2-CK2-50782047-5-30-1.jpg?sw=756&sh=1008,,
Túi xách hình thang Koa,2190000,,Túi Xách Tay,Da nhân tạo,hot,Hoàn thiện bằng tông màu nâu sôcôla thanh lịch và vượt thời gian; chiếc túi Koa này chính là sự lựa chọn hoàn hảo để thay thế cho những chiếc túi màu đen thông thường. Với phom hình thang mang lại vẻ mềm mại và tinh tế hơn; trong khi chi tiết điêu khắc tạo thêm nét hiện đại cho tổng thể. Được trang bị khóa đóng hình vuông mang tính biểu tượng; mở ra bên trong với kích thước rộng rãi giúp lưu trữ được nhiều vật dụng cần thiết của bạn. Để tăng thêm tính linh hoạt; chiếc túi này đi kèm với dây đeo vai có thể tháo rời; cho phép bạn tạo kiểu theo nhiều cách khác nhau.,Trắng; Cam; Đen ,S,Trắng-S:20;Cam-S:20;Đen-S:20,https://www.charleskeith.vn/dw/image/v2/BCWJ_PRD/on/demandware.static/-/Sites-vn-products/default/dw7af397a6/images/hi-res/2023-L6-CK2-50782198-03-1.jpg?sw=756&sh=1008,https://www.charleskeith.vn/dw/image/v2/BCWJ_PRD/on/demandware.static/-/Sites-vn-products/default/dw00a34c9b/images/hi-res/2023-L6-CK2-50782198-47-1.jpg?sw=756&sh=1008,https://www.charleskeith.vn/dw/image/v2/BCWJ_PRD/on/demandware.static/-/Sites-vn-products/default/dwb8656f00/images/hi-res/2023-L6-CK2-50782198-01-1.jpg?sw=756&sh=1008,,
Túi xách chữ nhật Charlot Elongated,2150000,,Túi Xách Tay,Da nhân tạo,bestseller,Mang đậm nét cổ điển; chiếc túi Charlot Elongated sẽ là bản tình ca dành cho phái đẹp. Với phom dáng hình chữ nhật; phối cùng nắp túi khóa vàng lấp lánh điểm xuyết cho sắc đen huyền bí thêm phần lộng lẫy; Charlot không chỉ là phụ kiện; mà còn là lời khẳng định cho vẻ đẹp quý phái; tự tin của người phụ nữ hiện đại.,Đen,M,Đen-M:50,https://www.charleskeith.vn/dw/image/v2/BCWJ_PRD/on/demandware.static/-/Sites-vn-products/default/dw4e9c2e66/images/hi-res/2024-L6-CK2-50271462-01-1.jpg?sw=756&sh=1008,https://www.charleskeith.vn/dw/image/v2/BCWJ_PRD/on/demandware.static/-/Sites-vn-products/default/dw0d402bc4/images/hi-res/2024-L6-CK2-50271462-01-2.jpg?sw=756&sh=1008,,,
Túi xách hình thang Noane,2050000,,Túi Xách Tay,Da thật,,Tinh tế trong từng chi tiết; chiếc túi Noane ghi dấu tuyệt đối trước phái đẹp với phom dáng nhỏ gọn và đường nét mềm mại. Sở hữu thiết kế tay cầm có thể dễ dàng thay thế bằng dây đeo vai mang đến nhiều lựa chọn biến hóa phong cách trên nền xám trắng thanh lịch; chiếc túi dễ dàng kết hợp cùng mọi gam màu khác nhau để tạo nên điểm nhấn trang nhã mà không hề phô trương.,Be; Kem,S,Kem-S:20;Be-S:20,https://www.charleskeith.vn/dw/image/v2/BCWJ_PRD/on/demandware.static/-/Sites-vn-products/default/dwb814dbdf/images/hi-res/2025-L6-CK2-50671788-15-1.jpg?sw=756&sh=1008,https://www.charleskeith.vn/dw/image/v2/BCWJ_PRD/on/demandware.static/-/Sites-vn-products/default/dw7afa7325/images/hi-res/2025-L6-CK2-50671788-K5-1.jpg?sw=756&sh=1008,,,
Túi xách phom chữ nhật Alva Quilted,2290000,,Túi Xách Tay,Da thật,,Nổi bật với lớp chần bông êm ái và gam màu xanh nhạt thanh thoát; chiếc túi Alva mang đến vẻ đẹp dịu dàng mà cuốn hút từ mọi góc nhìn. Thiết kế nhỏ gọn nhưng đủ sức chứa những vật dụng thiết yếu; lý tưởng cho những buổi hẹn tối đầy cảm hứng. Khi cần di chuyển linh hoạt; bạn chỉ cần gắn dây xích vào để biến chiếc túi thành phụ kiện đeo vai sang trọng; tiện dụng nhưng vẫn toát lên phong cách tinh tế riêng.,Kem; Xanh Navy,S,Kem-S:20;Xanh Navy-S:20,https://www.charleskeith.vn/dw/image/v2/BCWJ_PRD/on/demandware.static/-/Sites-vn-products/default/dw79de057e/images/hi-res/2025-L3-CK2-50701578-09-1.jpg?sw=756&sh=1008,https://www.charleskeith.vn/dw/image/v2/BCWJ_PRD/on/demandware.static/-/Sites-vn-products/default/dwf14e33c7/images/hi-res/2025-L3-CK2-50701578-O2-1.jpg?sw=756&sh=1008,,,
Túi đeo chéo chữ nhật Rene Structured,2390000,,Túi Đeo Chéo,Da nhân tạo,,Chiếc túi Rene Structured chắc chắn sẽ là lựa chọn hoàn hảo để bạn chuyển mình nhẹ nhàng từ công sở đến những buổi tối hẹn hò. Được hoàn thiện bằng các chi tiết kim loại sáng bóng; móc khóa tinh xảo và dây đeo có thể điều chỉnh linh hoạt; item này mang đến nhiều cách đeo đa dạng; phù hợp với mọi phong cách và nhu cầu sử dụng.,Kem; Đen; Be,S,Kem-S:20;Đen-S:20;Be-S:20,https://www.charleskeith.vn/dw/image/v2/BCWJ_PRD/on/demandware.static/-/Sites-vn-products/default/dw54dc5243/images/hi-res/2024-L6-CK2-30271421-09-1.jpg?sw=756&sh=1008,https://www.charleskeith.vn/dw/image/v2/BCWJ_PRD/on/demandware.static/-/Sites-vn-products/default/dwb570506f/images/hi-res/2024-L6-CK2-30271421-01-1.jpg?sw=756&sh=1008,https://www.charleskeith.vn/dw/image/v2/BCWJ_PRD/on/demandware.static/-/Sites-vn-products/default/dw923ab20c/images/hi-res/2024-L6-CK2-30271421-15-1.jpg?sw=756&sh=1008,,
Túi đeo chéo Ciara Ruched,2150000,,Túi Đeo Chéo,Nhung,,Túi đeo chéo Ciara màu kem mang vẻ đẹp nhẹ nhàng với phom dáng nhỏ nhắn và thiết kế nhún mềm mại nữ tính. Charm đôi trái tim tháo rời kết hợp khóa nam châm và dây xích điều chỉnh tạo nên sự cân bằng giữa thời trang và công năng. Khi phối cùng các set đồ gam màu trung tính; chiếc túi sẽ giúp hoàn thiện diện mạo chỉn chu; phù hợp từ cuộc họp công việc đến những buổi gặp gỡ buổi tối.,Kem; Đỏ; Đen ,S,Kem-S:20;Đen-S:20;Đỏ-S:20,https://www.charleskeith.vn/dw/image/v2/BCWJ_PRD/on/demandware.static/-/Sites-vn-products/default/dwf8cd953b/images/hi-res/2026-L2-CK2-80151612-09-1.jpg?sw=756&sh=1008,https://www.charleskeith.vn/dw/image/v2/BCWJ_PRD/on/demandware.static/-/Sites-vn-products/default/dw87a88bfe/images/hi-res/2026-L2-CK2-80151612-73-1.jpg?sw=756&sh=1008,https://www.charleskeith.vn/dw/image/v2/BCWJ_PRD/on/demandware.static/-/Sites-vn-products/default/dw2e4174ad/images/hi-res/2026-L2-CK2-80151612-01-1.jpg?sw=756&sh=1008,,
Túi đeo chéo Arya Braided-Strap Double-Handle,1890000,,Túi Đeo Chéo,Da nhân tạo,,Khoác lên mình sắc hồng phấn ngọt ngào; chiếc túi Arya gợi nhớ sự rung động của những khoảnh khắc nhẹ nhàng. Thiết kế xích bện vàng đồng lấp lánh; kết hợp cùng dây rút góp phần điểm xuyết nét mềm mại; đồng thời tạo thêm không gian để cất giữ những món đồ quan trọng; chiếc túi chính là dấu chấm ngọt ngào trên bản hoà ca của vẻ đẹp nữ tính; dịu dàng tràn đầy sức sống.,Kem; Hồng,S,Kem-S:20;Hồng-S:20,https://www.charleskeith.vn/dw/image/v2/BCWJ_PRD/on/demandware.static/-/Sites-vn-products/default/dw33132782/images/hi-res/2025-L6-CK2-80151536-09-1.jpg?sw=756&sh=1008,https://www.charleskeith.vn/dw/image/v2/BCWJ_PRD/on/demandware.static/-/Sites-vn-products/default/dw3966079e/images/hi-res/2025-L6-CK2-80151536-R6-1.jpg?sw=756&sh=1008,,,
Túi đeo chéo phom chữ nhật Chance,2150000,,Túi Đeo Chéo,Da nhân tạo,new,Túi đeo chéo Chance sở hữu chất liệu da tái chế bền đẹp; thiết kế nắp gập phía trước cùng khóa xoay kim loại và dây đeo điều chỉnh linh hoạt. Sắc nâu ấm áp hòa cùng đường nét mềm mại tạo nên phụ kiện vừa thời thượng vừa dễ ứng dụng; lý tưởng cho những ngày bận rộn vẫn muốn giữ vẻ tinh tế.,Be; Nâu; Đen,S,Nâu-S:20;Đen-S:20;Be-S:20,https://www.charleskeith.vn/dw/image/v2/BCWJ_PRD/on/demandware.static/-/Sites-vn-products/default/dwf3181fa5/images/hi-res/2025-L7-CK2-80782713-V1-1.jpg?sw=756&sh=1008,https://www.charleskeith.vn/dw/image/v2/BCWJ_PRD/on/demandware.static/-/Sites-vn-products/default/dw77b25d69/images/hi-res/2025-L7-CK2-80782713-47-1.jpg?sw=756&sh=1008,https://www.charleskeith.vn/dw/image/v2/BCWJ_PRD/on/demandware.static/-/Sites-vn-products/default/dw1de040f4/images/hi-res/2025-L7-CK2-80782713-01-1.jpg?sw=756&sh=1008,,
Túi đeo chéo phom chữ nhật Kerry Chain-Handle,1890000,,Túi Đeo Chéo,Da nhân tạo,hot,Được hoàn thiện bằng lớp da cừu cao cấp; kết hợp cùng nét điểm xuyết mạ vàng lấp lánh; chiếc túi Kerry Chain hứa hẹn sẽ là mảnh ghép hoàn hảo cho phong cách của bạn. Bên cạnh đó; khoác lên mình sắc kem trang nhã; item này sẻ đảm bảo nâng tầm mọi set đồ; biến bạn thành tâm điểm của mọi ánh nhìn.,Kem; Đỏ; Đen ,M,Kem-M:20;Đỏ-M:20;Đen-M:20,https://www.charleskeith.vn/dw/image/v2/BCWJ_PRD/on/demandware.static/-/Sites-vn-products/default/dwb5447ec8/images/hi-res/2025-L2-CK2-80782515-09-1.jpg?sw=756&sh=1008,https://www.charleskeith.vn/dw/image/v2/BCWJ_PRD/on/demandware.static/-/Sites-vn-products/default/dwa69d9f82/images/hi-res/2025-L2-CK2-80782515-N2-1.jpg?sw=756&sh=1008,https://www.charleskeith.vn/dw/image/v2/BCWJ_PRD/on/demandware.static/-/Sites-vn-products/default/dwc8f5dd94/images/hi-res/2025-L2-CK2-80782515-01-1.jpg?sw=756&sh=1008,,
Túi đeo chéo hình bán nguyệt Philomena Half-Moon,2390000,,Túi Đeo Chéo,Da thật,bestseller,Những chiếc túi hình bán nguyệt luôn được yêu thích vì kiểu dáng thanh lịch; hiện đại và chiếc túi Philomena này đã tạo thêm nét sắc sảo và cá tính cho thiết kế cổ điển này. Hoàn thiện với phần cứng tông màu bạc và thiết kế lớp ngoài chần bông sang trọng; Philomena mang lại cho bạn vẻ ngoài cá tính và không bao giờ nhàm chán. Mang nó bằng tay cầm chuỗi xích kim loại để có vẻ ngoài sang trọng hoặc đeo chéo để có cảm giác thoải mái và linh hoạt hơn.,Kem,S,Kem-S:50,https://www.charleskeith.vn/dw/image/v2/BCWJ_PRD/on/demandware.static/-/Sites-vn-products/default/dwab660a6f/images/hi-res/2023-L7-CK2-80151325-09-1.jpg?sw=756&sh=1008,https://www.charleskeith.vn/dw/image/v2/BCWJ_PRD/on/demandware.static/-/Sites-vn-products/default/dw01dd9fdd/images/hi-res/2023-L7-CK2-80151325-09-2.jpg?sw=756&sh=1008,,,
Túi đeo chéo phom chữ nhật Front Flap Chain Handle,1799000,,Túi Đeo Chéo,Da thật,,Sang trọng vượt thời gian; chiếc túi nắp cài tinh tế này chính là một sự lựa chọn hoàn hảo. Với kiểu dáng hình hộp cổ điển cùng tông màu kem linh hoạt; nó toát lên vẻ sang trọng và tinh tế; giúp nâng tầm cho mọi trang phục. Khóa đẩy giúp giữ an toàn cho những thứ cần thiết của bạn và mở ra không gian nội thất rộng rãi. Để tạo cảm giác sang trọng; chúng đi kèm tay cầm dạng chuỗi xích tông màu bạc và dây đeo có thể tháo rời tạo thêm vẻ lấp lánh và bắt mắt cho vẻ ngoài của bạn. Cho dù bạn đang đi làm hay đi dự tiệc; thì chiếc túi này đều sẽ là người bạn đồng hành hoàn hảo về phong cách.,Kem; Nâu; Đen,S,Kem-S:20;Đen-S:20;Nâu-S:20,https://www.charleskeith.vn/dw/image/v2/BCWJ_PRD/on/demandware.static/-/Sites-vn-products/default/dwfb6b3e34/images/hi-res/2023-L7-CK2-80701349-09-1.jpg?sw=756&sh=1008,https://www.charleskeith.vn/dw/image/v2/BCWJ_PRD/on/demandware.static/-/Sites-vn-products/default/dwbbfae1f8/images/hi-res/2023-L7-CK2-80701349-14-1.jpg?sw=756&sh=1008,https://www.charleskeith.vn/dw/image/v2/BCWJ_PRD/on/demandware.static/-/Sites-vn-products/default/dwb94b0999/images/hi-res/2023-L7-CK2-80701349-01-1.jpg?sw=756&sh=1008,,
Túi đeo chéo hình thang Philomena Puffy,2150000,,Túi Đeo Chéo,Da nhân tạo,,Nổi bật với chi tiết dây đeo dạng xích và họa tiết chần bông nghiêng độc đáo; chiếc túi Philomena này sẽ trở thành người bạn đồng hành trong tất cả các dịp quan trọng của bạn. Điều làm nên sự khác biệt của nó chính là phom dáng hình thang thanh lịch. Với tông màu xanh lam thời thượng; đặc biệt thịnh hành trong mùa này; nó sẽ mang đến sự bùng nổ màu sắc cho tủ quần áo mùa đông của bạn. Vẻ ngoài hài hòa của chiếc túi này đảm bảo nó sẽ luôn chiếm vị trí trung tâm; trở thành tâm điểm nâng tầm phong cách tổng thể của bạn,Kem; Xanh Navy,M,Kem-M:20;Xanh Navy-M:20,https://www.charleskeith.vn/dw/image/v2/BCWJ_PRD/on/demandware.static/-/Sites-vn-products/default/dw7068f674/images/hi-res/2023-L7-CK2-80151347-09-1.jpg?sw=756&sh=1008,https://www.charleskeith.vn/dw/image/v2/BCWJ_PRD/on/demandware.static/-/Sites-vn-products/default/dwe6a237b5/images/hi-res/2023-L7-CK2-80151347-65-1.jpg?sw=756&sh=1008,,,
Túi đeo chéo hình trái tim Paffuto,2050000,,Túi Đeo Chéo,Da nhân tạo,,Là biểu tượng của sự thanh lịch pha chút ngọt ngào; Paffuto phiên bản màu đen được thiết kế với phom dáng trái tim mềm mại cùng lớp chần bông tinh tế. Bên cạnh dây đeo dạng xích tết nổi bật dễ dàng điều chỉnh độ dài; chiếc túi còn có khóa kéo chắc chắn giúp giữ an toàn cho mọi vật dụng cá nhân. Đây là item giao thoa hoàn hảo giữa tiện dụng và phong cách; sẵn sàng theo bạn từ văn phòng đến buổi hẹn tối đầy cuốn hút.,Đen,S,Đen-S:50,https://www.charleskeith.vn/dw/image/v2/BCWJ_PRD/on/demandware.static/-/Sites-vn-products/default/dwa7acaaf4/images/hi-res/2026-L2-CK2-80151641-01-1.jpg?sw=756&sh=1008,https://www.charleskeith.vn/dw/image/v2/BCWJ_PRD/on/demandware.static/-/Sites-vn-products/default/dw116ff7d7/images/hi-res/2026-L2-CK2-80151641-01-2.jpg?sw=756&sh=1008,,,
Túi đeo chéo hình thang Philomena Nylon Puffy,2050000,,Túi Đeo Chéo,Da nhân tạo,,Túi đeo chéo nylon này là sự kết hợp giữa phong cách tinh tế và sự linh hoạt. Từ chi tiết dây đeo lơ lửng cho đến lớp ngoài chần bông tinh tế; chiếc túi này vẫn trung thành với các yếu tố hiện đại đặc trưng của bộ sưu tập Philomena đình đám. Hoàn thiện bằng tông màu đen linh hoạt; chiếc túi này sẽ dễ dàng kết hợp với nhiều loại trang phục trong tủ đồ của bạn. Phần cứng màu bạc bổ sung thêm yếu tố sang trọng tinh tế cho thiết kế tổng thể. Ngoài ra; túi còn đi kèm dây đeo chuỗi xích và dây PU; bạn có thể dễ dàng thay đổi phong cách của mình bất cứ khi nào bạn muốn.,Đen,M,Đen-M:50,https://www.charleskeith.vn/dw/image/v2/BCWJ_PRD/on/demandware.static/-/Sites-vn-products/default/dw1aba6a4a/images/hi-res/2023-L7-CK2-80151347-1-J8-1.jpg?sw=756&sh=1008,,,,
Túi hobo Duo Double Chain,3500000,,Túi Hobo,Da thật ,,Túi Hobo da Tumble bền bỉ; khóa zip an toàn; dây đeo điều chỉnh độ dài tiện lợi.,Kem,L,Kem-L:50,https://www.charleskeith.vn/dw/image/v2/BCWJ_PRD/on/demandware.static/-/Sites-vn-products/default/dw9689b2af/images/hi-res/2022-L7-CK2-40671449-09-1.jpg?sw=756&sh=1008,,,,
Túi hobo Toni Gradient Knotted Crescent,2390000,,Túi Hobo,Da nhân tạo,new,Túi Hobo da cừu Nappa mềm mại; khóa nam châm tinh tế; dây đeo tháo rời linh hoạt.,Xanh Rêu; Tím,L,Tím-L:20;Xanh Rêu-L:20,https://www.charleskeith.vn/dw/image/v2/BCWJ_PRD/on/demandware.static/-/Sites-vn-products/default/dw72caba29/images/hi-res/2025-L3-CK2-40671642-A-12-1.jpg?sw=756&sh=1008,https://www.charleskeith.vn/dw/image/v2/BCWJ_PRD/on/demandware.static/-/Sites-vn-products/default/dw55a29773/images/hi-res/2025-L3-CK2-40671642-A-19-1.jpg?sw=756&sh=1008,,,
Túi hobo Agatha Chain-Accent,2150000,,Túi Hobo,Da nhân tạo,hot,Túi Hobo da non cỡ lớn; kết hợp khóa zip và nam châm; ngăn chứa rộng rãi đa năng.,Đen ,M,Đen-M:50,https://www.charleskeith.vn/dw/image/v2/BCWJ_PRD/on/demandware.static/-/Sites-vn-products/default/dw15cff26e/images/hi-res/2024-L7-CK2-40271444-01-1.jpg?sw=756&sh=1008,,,,
Balo phom chữ nhật Duo Chain-Handle Two-Way,2350000,,Ba lô,Da nhân tạo,bestseller,Mỗi cô nàng hiện đại đều cần một người bạn đồng hành đa năng; và balo Duo Chain-Handle Two-Way chính là mảnh ghép hoàn hảo đó. Được thiết kế cùng những chi tiết nếp nhăn tỉ mỉ trên chất liệu da mềm mại mang đến vẻ đẹp vừa cổ điển vừa hiện đại cho bất kỳ bộ trang phục nào; Duo Chain-Handle Two-Way còn có gam màu kem trung tính cùng hai dây đeo linh hoạt giúp bạn dễ dàng biến hóa từ balo năng động thành túi tote thanh lịch. Chính vì thế; item này chắc chắn sẽ là người bạn đồng hành đáng tin cậy trong mọi hành trình của bạn.,Kem; Hồng; Trắng; Đen,S,Kem-S:20;Hồng-S:20;Đen-S:20;Trắng-S:20,https://www.charleskeith.vn/dw/image/v2/BCWJ_PRD/on/demandware.static/-/Sites-vn-products/default/dw99641658/images/hi-res/2024-L2-CK2-60782390-09-1.jpg?sw=756&sh=1008,https://www.charleskeith.vn/dw/image/v2/BCWJ_PRD/on/demandware.static/-/Sites-vn-products/default/dw85ef7a0b/images/hi-res/2024-L2-CK2-60782390-N5-1.jpg?sw=756&sh=1008,https://www.charleskeith.vn/dw/image/v2/BCWJ_PRD/on/demandware.static/-/Sites-vn-products/default/dw992a68b6/images/hi-res/2024-L2-CK2-60782390-01-1.jpg?sw=756&sh=1008,https://www.charleskeith.vn/dw/image/v2/BCWJ_PRD/on/demandware.static/-/Sites-vn-products/default/dw538c98e8/images/hi-res/2024-L2-CK2-60782390-07-1.jpg?sw=756&sh=1008,
Balo nắp gập Duo Quilted Two-Way,2690000,,Ba lô,Da nhân tạo,,Balo Duo đã chính thức quay trở lại với một diện mạo hoàn toàn mới; kết hợp tinh tế giữa phong cách và tính tiện dụng. Thiết kế lần này được bổ sung thêm các ngăn bên tiện lợi mang đến khả năng sắp xếp vật dụng gọn gàng và dễ tìm hơn bao giờ hết. Nắp gập phía trước mở ra không gian chính rộng rãi đủ sức chứa mọi món đồ thiết yếu cho một ngày dài năng động. Đặc biệt; điểm nhấn linh hoạt của Duo chính là khả năng biến hóa từ một chiếc balo thành một chiếc túi đeo vai sành điệu nhờ dây đeo xích bện có thể tháo rời; cho bạn thêm nhiều lựa chọn phong cách.,Be; Đen,S,Đen-S:20;Be-S:20,https://www.charleskeith.vn/dw/image/v2/BCWJ_PRD/on/demandware.static/-/Sites-vn-products/default/dw6d3ca430/images/hi-res/2025-L6-CK2-60782702-15-1.jpg?sw=756&sh=1008,https://www.charleskeith.vn/dw/image/v2/BCWJ_PRD/on/demandware.static/-/Sites-vn-products/default/dw7fcb6c8b/images/hi-res/2025-L6-CK2-60782702-01-1.jpg?sw=756&sh=1008,,,
Balo nắp gập Octavia Front Flap Structured,2490000,,Ba lô,Da nhân tạo,,Nếu bạn đang tìm kiếm một chiếc balo vừa thanh lịch vừa tiện dụng; thì Octavia chính là sự lựa chọn lý tưởng. Được thiết kế với ngăn chứa rộng rãi đủ sức đựng laptop; tài liệu và vật dụng cá nhân; chiếc balo còn có phần khóa kéo phía sau tăng cường bảo mật cho những món đồ quan trọng; thích hợp cho các bạn trẻ văn phòng hoặc người thường xuyên di chuyển.,Nâu; Đen ,L,Đen-L:30;Nâu-L:20,https://www.charleskeith.vn/dw/image/v2/BCWJ_PRD/on/demandware.static/-/Sites-vn-products/default/dwa74d9079/images/hi-res/2023-L7-CK2-60681127-29-1.jpg?sw=756&sh=1008,https://www.charleskeith.vn/dw/image/v2/BCWJ_PRD/on/demandware.static/-/Sites-vn-products/default/dwb1daeddf/images/hi-res/2023-L7-CK2-60681127-J8-1.jpg?sw=756&sh=1008,,,
Balo rút dây Blaise Metallic Front-Pocket,2490000,,Ba lô,Nhung,,Blaise phiên bản bạc khoác lên mình diện mạo nổi bật với lớp phủ ánh kim lấp lánh; mang lại vẻ đẹp hiện đại; thu hút. Khóa dây rút cùng túi trước có đai cài giúp tăng tính tiện dụng; trong khi quai đeo có thể tùy chỉnh cho cảm giác thoải mái khi mang lâu. Item này là một điểm sáng thời trang dễ dàng làm bừng lên bất kỳ outfit thường ngày nào; từ áo sơ mi đến set đồ thể thao năng động.,Trắng; Đen,S,Đen-S:20;Trắng-S:20,https://www.charleskeith.vn/dw/image/v2/BCWJ_PRD/on/demandware.static/-/Sites-vn-products/default/dwed44961d/images/hi-res/2025-L7-CK2-60151572-07-1.jpg?sw=756&sh=1008,https://www.charleskeith.vn/dw/image/v2/BCWJ_PRD/on/demandware.static/-/Sites-vn-products/default/dwf8d9f1f2/images/hi-res/2025-L7-CK2-60151572-J8-1.jpg?sw=756&sh=1008,,,
Balo nắp gập Kadee Ruched Bow-Charm,2670000,,Ba lô,Nhung,,Chiếc balo Kadee khoác lên mình tông nâu trầm cuốn hút; mang đến dấu ấn riêng biệt cho phong cách hiện đại. Thiết kế kết hợp hài hòa giữa phom dáng cứng cáp và những đường nhún bèo uyển chuyển; điểm xuyết bằng chi tiết móc khóa hình nơ tinh tế tạo nên tổng thể vừa vững chãi vừa đầy nữ tính. Nhờ sự cân bằng khéo léo giữa cấu trúc mạnh mẽ và nét mềm mại; chiếc balo trở thành điểm nhấn thanh lịch; hoàn thiện các bộ trang phục layering mà vẫn giữ trọn vẻ nhẹ nhàng cho từng khoảnh khắc trong ngày.,Nâu,S,Nâu-S:50,https://www.charleskeith.vn/dw/image/v2/BCWJ_PRD/on/demandware.static/-/Sites-vn-products/default/dw61a79965/images/hi-res/2025-L6-CK2-60151552-T5-1.jpg?sw=756&sh=1008,,,,
Balo phom chữ nhật Duo Metallic Grommet Chain-Handle,2100000,,Ba lô,Nhung,,Nếu bạn đang tìm kiếm một chiếc balo vừa thanh lịch vừa tiện dụng; thì Octavia chính là sự lựa chọn lý tưởng. Được thiết kế với ngăn chứa rộng rãi đủ sức đựng laptop; tài liệu và vật dụng cá nhân; chiếc balo còn có phần khóa kéo phía sau tăng cường bảo mật cho những món đồ quan trọng; thích hợp cho các bạn trẻ văn phòng hoặc người thường xuyên di chuyển.,Hồng; Đen,S,Đen-S:20;Hồng-S:20,https://www.charleskeith.vn/dw/image/v2/BCWJ_PRD/on/demandware.static/-/Sites-vn-products/default/dw3a285ba2/images/hi-res/2025-L6-CK2-60782390-B-R2-1.jpg?sw=756&sh=1008,https://www.charleskeith.vn/dw/image/v2/BCWJ_PRD/on/demandware.static/-/Sites-vn-products/default/dw2d16afbb/images/hi-res/2025-L6-CK2-60782390-B-J8-1.jpg?sw=756&sh=1008,,,
Balo nắp gập Sammie Knotted-Handle Two-Way,1900000,,Ba lô,Nhung,,Mỗi cô nàng hiện đại đều cần một người bạn đồng hành đa năng; và balo Duo Chain-Handle Two-Way chính là mảnh ghép hoàn hảo đó. Được thiết kế cùng những chi tiết nếp nhăn tỉ mỉ trên chất liệu da mềm mại mang đến vẻ đẹp vừa cổ điển vừa hiện đại cho bất kỳ bộ trang phục nào; Duo Chain-Handle Two-Way còn có gam màu kem trung tính cùng hai dây đeo linh hoạt giúp bạn dễ dàng biến hóa từ balo năng động thành túi tote thanh lịch. Chính vì thế; item này chắc chắn sẽ là người bạn đồng hành đáng tin cậy trong mọi hành trình của bạn.,Kem; Đen,S,Đen-S:20;Kem-S:20,https://www.charleskeith.vn/dw/image/v2/BCWJ_PRD/on/demandware.static/-/Sites-vn-products/default/dwc2950797/images/hi-res/2025-L6-CK2-60271630-09-1.jpg?sw=756&sh=1008,https://www.charleskeith.vn/dw/image/v2/BCWJ_PRD/on/demandware.static/-/Sites-vn-products/default/dwd50e26c0/images/hi-res/2025-L6-CK2-60271630-01-1.jpg?sw=756&sh=1008,,,
Balo nắp gập Bryna,1950000,,Ba lô,Da nhân tạo,,Chiếc balo Kadee khoác lên mình tông nâu trầm cuốn hút; mang đến dấu ấn riêng biệt cho phong cách hiện đại. Thiết kế kết hợp hài hòa giữa phom dáng cứng cáp và những đường nhún bèo uyển chuyển; điểm xuyết bằng chi tiết móc khóa hình nơ tinh tế tạo nên tổng thể vừa vững chãi vừa đầy nữ tính. Nhờ sự cân bằng khéo léo giữa cấu trúc mạnh mẽ và nét mềm mại; chiếc balo trở thành điểm nhấn thanh lịch; hoàn thiện các bộ trang phục layering mà vẫn giữ trọn vẻ nhẹ nhàng cho từng khoảnh khắc trong ngày.,Kem,M,Kem-M:50,https://www.charleskeith.vn/dw/image/v2/BCWJ_PRD/on/demandware.static/-/Sites-vn-products/default/dw49911b62/images/hi-res/2025-L3-CK2-60160240-09-1.jpg?sw=756&sh=1008,,,,
Túi mini chần bông Arwen,1950000,,Túi Nhỏ,Da nhân tạo,new,Như một chiếc kẹo bông gòn mềm mại; chiếc túi Arwen tỏa sáng với vẻ đẹp thanh lịch và hiện đại. Với lớp chần bông êm ái ôm lấy thiết kế bo tròn tinh tế; Arwen không chỉ là một chiếc túi; mà còn là trợ thủ đắc lực giúp bạn tự tin thể hiện cá tính. Được thiết kế với ngăn chính tiện dụng; khe cắm thẻ thông minh và dây đeo xích có thể tháo rời; Arwen sẽ giúp bạn biến hóa linh hoạt theo mọi phong cách.,Kem; Hồng; Xanh Rêu; Đen,S,Kem-S:20;Hồng-S:20;Đen-S:20;Xanh Rêu-S:20,https://www.charleskeith.vn/dw/image/v2/BCWJ_PRD/on/demandware.static/-/Sites-vn-products/default/dwa081bac4/images/hi-res/2025-L2-CK2-00770664-09-1.jpg?sw=756&sh=1008,https://www.charleskeith.vn/dw/image/v2/BCWJ_PRD/on/demandware.static/-/Sites-vn-products/default/dw33880745/images/hi-res/2025-L2-CK2-00770664-60-1.jpg?sw=756&sh=1008,https://www.charleskeith.vn/dw/image/v2/BCWJ_PRD/on/demandware.static/-/Sites-vn-products/default/dw1742eb21/images/hi-res/2025-L2-CK2-00770664-B3-1.jpg?sw=756&sh=1008,https://www.charleskeith.vn/dw/image/v2/BCWJ_PRD/on/demandware.static/-/Sites-vn-products/default/dw25806d7a/images/hi-res/2025-L2-CK2-00770664-01-1.jpg?sw=756&sh=1008,
Túi mini phom chữ nhật Apfra Quilted Elongated,2150000,,Túi Nhỏ,Da nhân tạo,hot,Hãy tỏa sáng cùng chiếc túi chần bông Apfra xinh xắn được điểm xuyết bởi chi tiết kim loại sang trọng tạo nên bản hòa tấu cổ điển đầy kiêu sa. Sở hữu vẻ ngoài đơn giản nhưng không hề đơn điệu nhờ những đường nét tinh tế tạo chiều sâu thị giác trên nền gam màu kem trang nhã; dù diện lên set đồ sang trọng hay trang phục thường ngày; item này vẫn giúp bạn tôn lên vẻ đẹp nữ tính; thanh lịch và thời thượng.,Kem,XS,Kem-XS:50,https://www.charleskeith.vn/dw/image/v2/BCWJ_PRD/on/demandware.static/-/Sites-vn-products/default/dw08f2e806/images/hi-res/2024-L6-CK2-00701397-09-1.jpg?sw=756&sh=1008,https://www.charleskeith.vn/dw/image/v2/BCWJ_PRD/on/demandware.static/-/Sites-vn-products/default/dwd4a49163/images/hi-res/2024-L6-CK2-00701397-09-2.jpg?sw=756&sh=1008,,,
Clutch nấp gập Tallulah Quilted,1790000,,Túi Clutch,Da thật,bestseller,Kiêu sa và tinh tế; chiếc túi clutch nấp gập Tallulah Quilted chính là lựa chọn hoàn hảo để bạn tỏa sáng bất kể mọi nơi.,Kem; Đỏ; Đen,S,Kem-S:20;Đen-S:20;Đỏ-S:20,https://www.charleskeith.vn/dw/image/v2/BCWJ_PRD/on/demandware.static/-/Sites-vn-products/default/dw18d7bcf4/images/hi-res/2024-L2-CK2-70701372-K5-1.jpg?sw=756&sh=1008,https://www.charleskeith.vn/dw/image/v2/BCWJ_PRD/on/demandware.static/-/Sites-vn-products/default/dw94b45d01/images/hi-res/2024-L2-CK2-70701372-73-1.jpg?sw=756&sh=1008,https://www.charleskeith.vn/dw/image/v2/BCWJ_PRD/on/demandware.static/-/Sites-vn-products/default/dwb0ae794a/images/hi-res/2024-L2-CK2-70701372-01-1.jpg?sw=756&sh=1008,,
Túi đeo vai Caira Ruch,1500000,,Túi Đeo Vai,Nhung,hot,"Túi hobo Ciara màu burgundy gây ấn tượng với sắc màu trầm sang trọng, kết hợp thiết kế nhún tinh tế tạo điểm nhấn nổi bật cho tổng thể. Charm đôi trái tim tháo rời, khóa nam châm và dây xích điều chỉnh mang đến sự tiện lợi và tính ứng dụng cao. Khi phối cùng trang phục gam màu trung tính, chiếc túi sẽ trở thành điểm nhấn thời trang giúp tổng thể thêm phần cuốn hút.",Đỏ; Kem; Đen,L,Kem-L:20;Đen-L:20;Đỏ-L:20,https://www.charleskeith.vn/dw/image/v2/BCWJ_PRD/on/demandware.static/-/Sites-vn-products/default/dw7164294c/images/hi-res/2026-L2-CK2-40151610-73-1.jpg?sw=756&sh=1008,https://www.charleskeith.vn/dw/image/v2/BCWJ_PRD/on/demandware.static/-/Sites-vn-products/default/dw74f32677/images/hi-res/2026-L2-CK2-40151610-73-4.jpg?sw=756&sh=1008,https://www.charleskeith.vn/dw/image/v2/BCWJ_PRD/on/demandware.static/-/Sites-vn-products/default/dwe1c8930e/images/hi-res/2026-L2-CK2-40151610-09-1.jpg?sw=756&sh=1008,https://www.charleskeith.vn/dw/image/v2/BCWJ_PRD/on/demandware.static/-/Sites-vn-products/default/dw4c76e10f/images/hi-res/2026-L2-CK2-40151610-09-2.jpg?sw=756&sh=1008,https://www.charleskeith.vn/dw/image/v2/BCWJ_PRD/on/demandware.static/-/Sites-vn-products/default/dwdb8b9084/images/hi-res/2026-L2-CK2-40151610-01-1.jpg?sw=756&sh=1008
